run_name,timestamp,optimized,prompt_length,generated_length,total_time,tokens_per_second,time_per_token,memory_used_mb,gpu_utilization,device
run_1763326618_non_optimized,1763326618.9855335,False,53,5,0.4859466552734375,10.289195214619902,97.1893310546875,8.12548828125,,cuda
run_1763326618_optimized,1763326619.026237,True,53,14,0.04017782211303711,348.4509429259782,2.869844436645508,0.0,,cuda
run_1763326622_non_optimized,1763326622.7140436,False,66,0,0.3553469181060791,0,0,8.1259765625,,cuda
run_1763326622_optimized,1763326622.717709,True,66,0,0.003069162368774414,0,0,0.0,,cuda
run_1763326626_non_optimized,1763326626.4152546,False,60,14,0.3536839485168457,39.58336265671155,25.263139179774694,8.12548828125,,cuda
run_1763326626_optimized,1763326626.4510481,True,60,12,0.03518319129943848,341.0719595579017,2.9319326082865396,0.0,,cuda
run_1763326629_non_optimized,1763326630.1408024,False,61,16,0.35126209259033203,45.55003325867101,21.953880786895752,8.12548828125,,cuda
run_1763326629_optimized,1763326630.1444962,True,61,0,0.003066539764404297,0,0,0.0,,cuda
run_1763326633_non_optimized,1763326633.8381388,False,60,0,0.35619688034057617,0,0,8.12548828125,,cuda
run_1763326633_optimized,1763326633.8418753,True,60,0,0.003074169158935547,0,0,0.0,,cuda
run_1763326637_non_optimized,1763326637.540628,False,64,8,0.3398597240447998,23.539123450078044,42.482465505599976,8.12548828125,,cuda
run_1763326637_optimized,1763326637.5471995,True,64,1,0.005898714065551758,169.52847500101046,5.898714065551758,0.0,,cuda
run_1763326640_non_optimized,1763326641.2843578,False,54,30,0.37198519706726074,80.64837051721585,12.399506568908691,8.12548828125,,cuda
run_1763326640_optimized,1763326641.3555984,True,54,25,0.0705265998840332,354.4761840370508,2.821063995361328,0.0,,cuda
run_1763326644_non_optimized,1763326645.0330086,False,67,0,0.333660364151001,0,0,8.1259765625,,cuda
run_1763326644_optimized,1763326645.0367913,True,67,0,0.0030765533447265625,0,0,0.0,,cuda
run_1763326648_non_optimized,1763326648.755835,False,63,17,0.34771132469177246,48.891131213714694,20.453607334810144,8.12548828125,,cuda
run_1763326648_optimized,1763326648.7840471,True,63,9,0.027483701705932617,327.46680546519195,3.053744633992513,0.0,,cuda
run_1763326652_non_optimized,1763326652.4592273,False,73,19,0.31671810150146484,59.990256035025276,16.66937376323499,8.1259765625,,cuda
run_1763326652_optimized,1763326652.4657354,True,73,1,0.005753517150878906,173.80672965357203,5.753517150878906,0.0,,cuda
run_1763326655_non_optimized,1763326656.2020977,False,46,0,0.392134428024292,0,0,8.12548828125,,cuda
run_1763326655_optimized,1763326656.2059286,True,46,0,0.003073453903198242,0,0,0.0,,cuda
run_1763326659_non_optimized,1763326659.8722565,False,70,17,0.33252859115600586,51.12342352548099,19.56050536211799,8.1259765625,,cuda
run_1763326659_optimized,1763326659.913114,True,70,14,0.040065765380859375,349.42549747691135,2.861840384347098,0.0,,cuda
run_1763326663_non_optimized,1763326663.6047928,False,66,14,0.3415799140930176,40.986016514389014,24.3985652923584,8.1259765625,,cuda
run_1763326663_optimized,1763326663.6473217,True,66,14,0.041661977767944336,336.037815534814,2.9758555548531667,0.0,,cuda
run_1763326666_non_optimized,1763326667.383774,False,50,0,0.38038086891174316,0,0,8.12548828125,,cuda
run_1763326666_optimized,1763326667.4496503,True,50,23,0.06507229804992676,353.45301594164135,2.829230349996816,0.0,,cuda
run_1763326670_non_optimized,1763326671.1408262,False,66,0,0.34095191955566406,0,0,8.1259765625,,cuda
run_1763326670_optimized,1763326671.1447349,True,66,0,0.0030736923217773438,0,0,0.0,,cuda
run_1763326674_non_optimized,1763326674.9176548,False,43,43,0.4153327941894531,103.53143455458913,9.6589021904524,8.12548828125,,cuda
run_1763326674_optimized,1763326675.01074,True,43,32,0.09222531318664551,346.97632238167006,2.882041037082672,0.0,,cuda
run_1763326678_non_optimized,1763326678.7116284,False,61,0,0.34818243980407715,0,0,8.12548828125,,cuda
run_1763326678_optimized,1763326678.7930346,True,61,29,0.08052730560302734,360.1262923530596,2.776803641483702,0.0,,cuda
run_1763326682_non_optimized,1763326682.5197363,False,58,0,0.3616158962249756,0,0,8.12548828125,,cuda
run_1763326682_optimized,1763326682.579515,True,58,19,0.05885767936706543,322.8125913953667,3.0977725982666016,0.0,,cuda
run_1763326685_non_optimized,1763326686.2714303,False,66,0,0.3391129970550537,0,0,8.1259765625,,cuda
run_1763326685_optimized,1763326686.275417,True,66,0,0.0030994415283203125,0,0,0.0,,cuda
run_1763326689_non_optimized,1763326689.9624639,False,67,28,0.3353545665740967,83.4937191583267,11.976948806217738,8.1259765625,,cuda
run_1763326689_optimized,1763326689.9768,True,67,3,0.011225700378417969,267.24390451108655,3.7419001261393228,0.0,,cuda
run_1763326693_non_optimized,1763326693.711334,False,59,24,0.3620493412017822,66.28930719866715,15.085389216740927,8.12548828125,,cuda
run_1763326693_optimized,1763326693.7152996,True,59,0,0.0030515193939208984,0,0,0.0,,cuda
run_1763326697_non_optimized,1763326697.4116411,False,63,0,0.3452737331390381,0,0,8.12548828125,,cuda
run_1763326697_optimized,1763326697.4156432,True,63,0,0.0030455589294433594,0,0,0.0,,cuda
run_1763326700_non_optimized,1763326701.1587586,False,53,19,0.3794400691986084,50.07378382606958,19.970529957821494,8.12548828125,,cuda
run_1763326700_optimized,1763326701.2194357,True,53,21,0.05968618392944336,351.84021858098123,2.8421992347353977,0.0,,cuda
run_1763326704_non_optimized,1763326704.906457,False,67,0,0.3325045108795166,0,0,8.1259765625,,cuda
run_1763326704_optimized,1763326704.9105146,True,67,0,0.0030672550201416016,0,0,0.0,,cuda
run_1763326708_non_optimized,1763326708.6155152,False,64,4,0.3434574604034424,11.646274899084734,85.8643651008606,8.12548828125,,cuda
run_1763326708_optimized,1763326708.6492803,True,64,11,0.03272819519042969,336.1016376245702,2.9752904718572446,0.0,,cuda
run_1763326712_non_optimized,1763326712.3875144,False,54,5,0.3697817325592041,13.521490002753103,73.95634651184082,8.12548828125,,cuda
run_1763326712_optimized,1763326712.3916335,True,54,0,0.0030570030212402344,0,0,0.0,,cuda
run_1763326715_non_optimized,1763326716.129369,False,51,0,0.38543081283569336,0,0,8.12548828125,,cuda
run_1763326715_optimized,1763326716.133514,True,51,0,0.003108978271484375,0,0,0.0,,cuda
run_1763326719_non_optimized,1763326719.845239,False,60,10,0.35239410400390625,28.377319275152093,35.239410400390625,8.12548828125,,cuda
run_1763326719_optimized,1763326719.8974886,True,60,18,0.051172733306884766,351.7498252839718,2.842929628160265,0.0,,cuda
run_1763326723_non_optimized,1763326723.6197646,False,56,0,0.3644559383392334,0,0,8.12548828125,,cuda
run_1763326723_optimized,1763326723.6239054,True,56,0,0.0030570030212402344,0,0,0.0,,cuda
run_1763326726_non_optimized,1763326727.3191404,False,65,0,0.34804534912109375,0,0,8.1259765625,,cuda
run_1763326726_optimized,1763326727.3233125,True,65,0,0.0030825138092041016,0,0,0.0,,cuda
run_1763326730_non_optimized,1763326731.044284,False,59,16,0.35839104652404785,44.64397242950211,22.39944040775299,8.12548828125,,cuda
run_1763326730_optimized,1763326731.048486,True,59,0,0.0030989646911621094,0,0,0.0,,cuda
run_1763326734_non_optimized,1763326734.8039234,False,54,0,0.3762962818145752,0,0,8.12548828125,,cuda
run_1763326734_optimized,1763326734.84245,True,54,13,0.03740096092224121,347.58465235766965,2.8769969940185547,0.0,,cuda
run_1763326738_non_optimized,1763326738.6017425,False,54,41,0.370577335357666,110.63817478321626,9.038471594089415,8.12548828125,,cuda
run_1763326738_optimized,1763326738.6901221,True,54,31,0.08722376823425293,355.4077131447096,2.813669943040417,0.0,,cuda
run_1763326742_non_optimized,1763326742.419483,False,59,12,0.3536853790283203,33.928459335716944,29.47378158569336,8.12548828125,,cuda
run_1763326742_optimized,1763326742.4236658,True,59,0,0.0030400753021240234,0,0,0.0,,cuda
run_1763326745_non_optimized,1763326746.1228704,False,65,19,0.3396615982055664,55.93802802665087,17.8769262213456,8.1259765625,,cuda
run_1763326745_optimized,1763326746.1515133,True,65,9,0.02747321128845215,327.59184594423374,3.052579032050239,0.0,,cuda
run_1763326749_non_optimized,1763326749.8801262,False,60,0,0.35973238945007324,0,0,8.12548828125,,cuda
run_1763326749_optimized,1763326749.9388814,True,60,20,0.05757498741149902,347.37306770136695,2.878749370574951,0.0,,cuda
run_1763326753_non_optimized,1763326753.6588142,False,56,22,0.3657264709472656,60.154245720901606,16.62393049760298,8.12548828125,,cuda
run_1763326753_optimized,1763326753.6631608,True,56,0,0.0031464099884033203,0,0,0.0,,cuda
run_1763326757_non_optimized,1763326757.3905053,False,59,33,0.36070775985717773,91.4868036469921,10.930538177490234,8.12548828125,,cuda
run_1763326757_optimized,1763326757.4786851,True,59,31,0.08695292472839355,356.5147474548062,2.804933055754631,0.0,,cuda
run_1763326760_non_optimized,1763326761.2264946,False,49,17,0.38045310974121094,44.683561691908935,22.379594690659466,8.12548828125,,cuda
run_1763326760_optimized,1763326761.3133712,True,49,31,0.08566641807556152,361.8687543659949,2.763432841147146,0.0,,cuda
run_1763326764_non_optimized,1763326765.0356681,False,57,37,0.3631327152252197,101.89112258049266,9.814397708789722,8.12548828125,,cuda
run_1763326764_optimized,1763326765.0750856,True,57,13,0.03816509246826172,340.62540293360655,2.9357763437124396,0.0,,cuda
run_1763326768_non_optimized,1763326768.767545,False,68,19,0.331697940826416,57.281030906197486,17.457786359285052,8.1259765625,,cuda
run_1763326768_optimized,1763326768.7959456,True,68,9,0.027106285095214844,332.0263167153362,3.011809455023872,0.0,,cuda
run_1763326772_non_optimized,1763326772.5260317,False,57,10,0.36326122283935547,27.52839932056906,36.32612228393555,8.12548828125,,cuda
run_1763326772_optimized,1763326772.5303962,True,57,0,0.003071308135986328,0,0,0.0,,cuda
run_1763326775_non_optimized,1763326776.254764,False,57,25,0.3601036071777344,69.42446424220596,14.404144287109375,8.12548828125,,cuda
run_1763326775_optimized,1763326776.2603817,True,57,0,0.0030698776245117188,0,0,0.0,,cuda
run_1763326779_non_optimized,1763326779.9732888,False,62,0,0.3485872745513916,0,0,8.12548828125,,cuda
run_1763326779_optimized,1763326780.019289,True,62,15,0.0446467399597168,335.9707789086948,2.9764493306477866,0.0,,cuda
run_1763326783_non_optimized,1763326783.7825809,False,48,37,0.3960244655609131,93.42857125656288,10.703363934078732,8.12548828125,,cuda
run_1763326783_optimized,1763326783.8163621,True,48,11,0.032434701919555664,339.142934850523,2.9486092654141514,0.0,,cuda
run_1763326787_non_optimized,1763326787.5348887,False,65,0,0.33835744857788086,0,0,8.1259765625,,cuda
run_1763326787_optimized,1763326787.539357,True,65,0,0.0030851364135742188,0,0,0.0,,cuda
run_1763326790_non_optimized,1763326791.2828848,False,54,0,0.37782812118530273,0,0,8.12548828125,,cuda
run_1763326790_optimized,1763326791.2873359,True,54,0,0.003094911575317383,0,0,0.0,,cuda
run_1763326794_non_optimized,1763326794.9969409,False,60,15,0.3552377223968506,42.225245390023325,23.682514826456707,8.12548828125,,cuda
run_1763326794_optimized,1763326795.0417602,True,60,15,0.043425798416137695,345.41679248494296,2.895053227742513,0.0,,cuda
run_1763326798_non_optimized,1763326798.768397,False,56,0,0.3616046905517578,0,0,8.12548828125,,cuda
run_1763326798_optimized,1763326798.7728815,True,56,0,0.0030786991119384766,0,0,0.0,,cuda
run_1763326802_non_optimized,1763326802.5161467,False,55,8,0.367128849029541,21.790714680001297,45.89110612869263,8.12548828125,,cuda
run_1763326802_optimized,1763326802.5774758,True,55,21,0.05986332893371582,350.79906804468607,2.8506347111293246,0.0,,cuda
run_1763326805_non_optimized,1763326806.225911,False,86,14,0.2903730869293213,48.21383464992984,20.740934780665807,8.1259765625,,cuda
run_1763326805_optimized,1763326806.23062,True,86,0,0.003251314163208008,0,0,0.0,,cuda
run_1763326809_non_optimized,1763326809.8743262,False,87,0,0.2792494297027588,0,0,8.1259765625,,cuda
run_1763326809_optimized,1763326809.8790207,True,87,0,0.0032303333282470703,0,0,0.0,,cuda
run_1763326813_non_optimized,1763326813.5236838,False,92,8,0.2737746238708496,29.22111584663858,34.2218279838562,8.1259765625,,cuda
run_1763326813_optimized,1763326813.5475192,True,92,8,0.022355318069458008,357.8566842638511,2.794414758682251,0.0,,cuda
run_1763326816_non_optimized,1763326817.1884215,False,91,9,0.2681541442871094,33.56278540436731,29.794904920789932,8.1259765625,,cuda
run_1763326816_optimized,1763326817.193147,True,91,0,0.0032160282135009766,0,0,0.0,,cuda
run_1763326820_non_optimized,1763326820.8178222,False,96,0,0.25312256813049316,0,0,8.1259765625,,cuda
run_1763326820_optimized,1763326820.8225522,True,96,0,0.003218412399291992,0,0,0.0,,cuda
run_1763326824_non_optimized,1763326824.1973226,False,100,0,0.00023245811462402344,0,0,0.0009765625,,cuda
run_1763326824_optimized,1763326824.198983,True,100,0,0.0003190040588378906,0,0,0.0,,cuda
run_1763326827_non_optimized,1763326827.7810934,False,98,2,0.24810361862182617,8.061148044150517,124.05180931091309,8.1259765625,,cuda
run_1763326827_optimized,1763326827.7893782,True,98,2,0.006571054458618164,304.3651536591561,3.285527229309082,0.0,,cuda
run_1763326831_non_optimized,1763326831.4181712,False,95,5,0.26477837562561035,18.883717328449315,52.95567512512207,8.1259765625,,cuda
run_1763326831_optimized,1763326831.425718,True,95,1,0.00593876838684082,168.38508169737847,5.93876838684082,0.0,,cuda
run_1763326834_non_optimized,1763326835.0461798,False,99,1,0.25382065773010254,3.9397896488919324,253.82065773010254,8.1259765625,,cuda
run_1763326834_optimized,1763326835.0514338,True,99,1,0.0036373138427734375,274.9281594126901,3.6373138427734375,0.0,,cuda
run_1763326838_non_optimized,1763326838.404944,False,107,0,0.0002460479736328125,0,0,0.0009765625,,cuda
run_1763326838_optimized,1763326838.4067247,True,107,0,0.00032591819763183594,0,0,0.0,,cuda
run_1763326841_non_optimized,1763326841.7476485,False,111,0,0.00024366378784179688,0,0,0.0009765625,,cuda
run_1763326841_optimized,1763326841.7494369,True,111,0,0.000324249267578125,0,0,0.0,,cuda
run_1763326845_non_optimized,1763326845.076511,False,104,0,0.0002353191375732422,0,0,0.0009765625,,cuda
run_1763326845_optimized,1763326845.078336,True,104,0,0.0003311634063720703,0,0,0.0,,cuda
run_1763326848_non_optimized,1763326848.650482,False,97,3,0.2599804401397705,11.539329644903832,86.66014671325684,8.1259765625,,cuda
run_1763326848_optimized,1763326848.655401,True,97,0,0.0032651424407958984,0,0,0.0,,cuda
run_1763326851_non_optimized,1763326852.0037806,False,102,0,0.00024008750915527344,0,0,0.0009765625,,cuda
run_1763326851_optimized,1763326852.0057652,True,102,0,0.00032830238342285156,0,0,0.0,,cuda
run_1763326855_non_optimized,1763326855.3215888,False,102,0,0.0002357959747314453,0,0,0.0009765625,,cuda
run_1763326855_optimized,1763326855.3233974,True,102,0,0.0003199577331542969,0,0,0.0,,cuda
run_1763326858_non_optimized,1763326858.6427326,False,105,0,0.0002455711364746094,0,0,0.0009765625,,cuda
run_1763326858_optimized,1763326858.6446369,True,105,0,0.0003333091735839844,0,0,0.0,,cuda
run_1763326861_non_optimized,1763326862.2181683,False,94,0,0.26184773445129395,0,0,8.1259765625,,cuda
run_1763326861_optimized,1763326862.2230783,True,94,0,0.0032091140747070312,0,0,0.0,,cuda
run_1763326865_non_optimized,1763326865.582198,False,102,0,0.000240325927734375,0,0,0.0009765625,,cuda
run_1763326865_optimized,1763326865.5841131,True,102,0,0.0003209114074707031,0,0,0.0,,cuda
run_1763326868_non_optimized,1763326868.9020677,False,103,0,0.0002429485321044922,0,0,0.0009765625,,cuda
run_1763326868_optimized,1763326868.9039805,True,103,0,0.00033211708068847656,0,0,0.0,,cuda
run_1763326872_non_optimized,1763326872.2377539,False,107,0,0.00024199485778808594,0,0,0.0009765625,,cuda
run_1763326872_optimized,1763326872.2396657,True,107,0,0.00032520294189453125,0,0,0.0,,cuda
run_1763326875_non_optimized,1763326875.572948,False,110,0,0.0002472400665283203,0,0,0.0009765625,,cuda
run_1763326875_optimized,1763326875.5749235,True,110,0,0.000339508056640625,0,0,0.0,,cuda
run_1763326878_non_optimized,1763326878.917066,False,106,0,0.00023293495178222656,0,0,0.0009765625,,cuda
run_1763326878_optimized,1763326878.9190118,True,106,0,0.00032639503479003906,0,0,0.0,,cuda
run_1763326882_non_optimized,1763326882.2492902,False,109,0,0.00023746490478515625,0,0,0.0009765625,,cuda
run_1763326882_optimized,1763326882.251233,True,109,0,0.0003230571746826172,0,0,0.0,,cuda
run_1763326885_non_optimized,1763326885.5688546,False,110,0,0.0002415180206298828,0,0,0.0009765625,,cuda
run_1763326885_optimized,1763326885.5708404,True,110,0,0.00032401084899902344,0,0,0.0,,cuda
run_1763326888_non_optimized,1763326888.8873081,False,114,0,0.00024056434631347656,0,0,0.0009765625,,cuda
run_1763326888_optimized,1763326888.8893402,True,114,0,0.0003287792205810547,0,0,0.0,,cuda
run_1763326892_non_optimized,1763326892.2040594,False,113,0,0.0002467632293701172,0,0,0.0009765625,,cuda
run_1763326892_optimized,1763326892.2060897,True,113,0,0.00032711029052734375,0,0,0.0,,cuda
run_1763326895_non_optimized,1763326895.5235405,False,113,0,0.00023317337036132812,0,0,0.0009765625,,cuda
run_1763326895_optimized,1763326895.5255647,True,113,0,0.0003211498260498047,0,0,0.0,,cuda
run_1763326898_non_optimized,1763326898.837703,False,112,0,0.0002307891845703125,0,0,0.0009765625,,cuda
run_1763326898_optimized,1763326898.839746,True,112,0,0.00032401084899902344,0,0,0.0,,cuda
run_1763326902_non_optimized,1763326902.1575205,False,109,0,0.0002338886260986328,0,0,0.0009765625,,cuda
run_1763326902_optimized,1763326902.1595387,True,109,0,0.0003142356872558594,0,0,0.0,,cuda
run_1763326905_non_optimized,1763326905.4874718,False,102,0,0.00023674964904785156,0,0,0.0009765625,,cuda
run_1763326905_optimized,1763326905.4895573,True,102,0,0.00033164024353027344,0,0,0.0,,cuda
run_1763326908_non_optimized,1763326908.803102,False,105,0,0.00025081634521484375,0,0,0.0009765625,,cuda
run_1763326908_optimized,1763326908.8052208,True,105,0,0.00031828880310058594,0,0,0.0,,cuda
run_1763326912_non_optimized,1763326912.1360228,False,109,0,0.00023627281188964844,0,0,0.0009765625,,cuda
run_1763326912_optimized,1763326912.1381037,True,109,0,0.0003142356872558594,0,0,0.0,,cuda
run_1763326915_non_optimized,1763326915.4476118,False,103,0,0.0002300739288330078,0,0,0.0009765625,,cuda
run_1763326915_optimized,1763326915.449725,True,103,0,0.0003192424774169922,0,0,0.0,,cuda
run_1763326918_non_optimized,1763326918.7690768,False,102,0,0.00023889541625976562,0,0,0.0009765625,,cuda
run_1763326918_optimized,1763326918.7712831,True,102,0,0.00032782554626464844,0,0,0.0,,cuda
run_1763326922_non_optimized,1763326922.0759387,False,107,0,0.0002472400665283203,0,0,0.0009765625,,cuda
run_1763326922_optimized,1763326922.078079,True,107,0,0.000324249267578125,0,0,0.0,,cuda
run_1763326925_non_optimized,1763326925.3886678,False,112,0,0.00023698806762695312,0,0,0.0009765625,,cuda
run_1763326925_optimized,1763326925.3908367,True,112,0,0.00032520294189453125,0,0,0.0,,cuda
run_1763326928_non_optimized,1763326928.6967072,False,105,0,0.0002300739288330078,0,0,0.0009765625,,cuda
run_1763326928_optimized,1763326928.6988983,True,105,0,0.0003209114074707031,0,0,0.0,,cuda
run_1763326932_non_optimized,1763326932.2863104,False,97,3,0.25337719917297363,11.840055102795507,84.45906639099121,8.1259765625,,cuda
run_1763326932_optimized,1763326932.2974646,True,97,3,0.008779525756835938,341.70410601781447,2.926508585611979,0.0,,cuda
run_1763326935_non_optimized,1763326935.6391814,False,102,0,0.00023484230041503906,0,0,0.0009765625,,cuda
run_1763326935_optimized,1763326935.6413832,True,102,0,0.00031876564025878906,0,0,0.0,,cuda
run_1763326938_non_optimized,1763326938.9412687,False,102,0,0.00023102760314941406,0,0,0.0009765625,,cuda
run_1763326938_optimized,1763326938.9434795,True,102,0,0.0003178119659423828,0,0,0.0,,cuda
run_1763326942_non_optimized,1763326942.2639933,False,109,0,0.00024819374084472656,0,0,0.0009765625,,cuda
run_1763326942_optimized,1763326942.266253,True,109,0,0.00033283233642578125,0,0,0.0,,cuda
run_1763326945_non_optimized,1763326945.5876389,False,112,0,0.00024247169494628906,0,0,0.0009765625,,cuda
run_1763326945_optimized,1763326945.5899763,True,112,0,0.0003368854522705078,0,0,0.0,,cuda
run_1763326948_non_optimized,1763326948.9048371,False,107,0,0.0002422332763671875,0,0,0.0009765625,,cuda
run_1763326948_optimized,1763326948.9071276,True,107,0,0.0003273487091064453,0,0,0.0,,cuda
run_1763326952_non_optimized,1763326952.2211714,False,106,0,0.00023603439331054688,0,0,0.0009765625,,cuda
run_1763326952_optimized,1763326952.2234442,True,106,0,0.00032329559326171875,0,0,0.0,,cuda
run_1763326955_non_optimized,1763326955.5458589,False,105,0,0.0002446174621582031,0,0,0.0009765625,,cuda
run_1763326955_optimized,1763326955.5481744,True,105,0,0.00031685829162597656,0,0,0.0,,cuda
run_1763326958_non_optimized,1763326958.8506002,False,102,0,0.00022912025451660156,0,0,0.0009765625,,cuda
run_1763326958_optimized,1763326958.85293,True,102,0,0.0003216266632080078,0,0,0.0,,cuda
run_1763326962_non_optimized,1763326962.1738048,False,106,0,0.00024080276489257812,0,0,0.0009765625,,cuda
run_1763326962_optimized,1763326962.1762178,True,106,0,0.0003228187561035156,0,0,0.0,,cuda
run_1763326965_non_optimized,1763326965.4970171,False,105,0,0.00023508071899414062,0,0,0.0009765625,,cuda
run_1763326965_optimized,1763326965.4993877,True,105,0,0.0003216266632080078,0,0,0.0,,cuda
run_1763326968_non_optimized,1763326968.8236582,False,105,0,0.0002491474151611328,0,0,0.0009765625,,cuda
run_1763326968_optimized,1763326968.826099,True,105,0,0.0003414154052734375,0,0,0.0,,cuda
run_1763326972_non_optimized,1763326972.1689265,False,110,0,0.00025177001953125,0,0,0.0009765625,,cuda
run_1763326972_optimized,1763326972.171371,True,110,0,0.0003230571746826172,0,0,0.0,,cuda
run_1763328146_non_optimized,1763328146.8811655,False,53,21,0.38083600997924805,55.14184438899121,18.135048094249907,84.0693359375,,cuda
run_1763328146_optimized,1763328146.9318924,True,53,17,0.04855465888977051,350.1208820886508,2.856156405280618,83.21142578125,,cuda
run_1763328150_non_optimized,1763328150.6292245,False,66,6,0.3474395275115967,17.269192261953368,57.90658791859945,84.06982421875,,cuda
run_1763328150_optimized,1763328150.6806788,True,66,17,0.049269676208496094,345.0398157288582,2.8982162475585938,83.58984375,,cuda
run_1763328154_non_optimized,1763328154.400125,False,60,40,0.35491299629211426,112.7036778531425,8.872824907302856,84.0693359375,,cuda
run_1763328154_optimized,1763328154.4400854,True,60,13,0.03777933120727539,344.1034974567393,2.9061024005596456,83.29736328125,,cuda
run_1763328157_non_optimized,1763328158.1473851,False,61,0,0.3587629795074463,0,0,84.0693359375,,cuda
run_1763328157_optimized,1763328158.16346,True,61,4,0.013820648193359375,289.42202594534916,3.4551620483398438,83.0693359375,,cuda
run_1763328161_non_optimized,1763328161.8730447,False,60,0,0.3552854061126709,0,0,84.0693359375,,cuda
run_1763328161_optimized,1763328161.8809595,True,60,0,0.0031197071075439453,0,0,82.90087890625,,cuda
run_1763328165_non_optimized,1763328165.5648606,False,64,6,0.3446638584136963,17.40826562905318,57.443976402282715,84.0693359375,,cuda
run_1763328165_optimized,1763328165.572956,True,64,1,0.0058612823486328125,170.61112918971688,5.8612823486328125,83.0693359375,,cuda
run_1763328169_non_optimized,1763328169.4239416,False,54,12,0.37118029594421387,32.32930231243613,30.93169132868449,84.0693359375,,cuda
run_1763328169_optimized,1763328169.4591513,True,54,11,0.03293347358703613,334.0066747265317,2.9939521442760118,83.0693359375,,cuda
run_1763328172_non_optimized,1763328173.1438408,False,67,0,0.3334786891937256,0,0,84.06982421875,,cuda
run_1763328172_optimized,1763328173.149282,True,67,0,0.003131389617919922,0,0,83.09716796875,,cuda
run_1763328176_non_optimized,1763328176.8386126,False,63,11,0.3452491760253906,31.86104635103033,31.386288729580965,84.0693359375,,cuda
run_1763328176_optimized,1763328176.8440063,True,63,0,0.0030989646911621094,0,0,82.984375,,cuda
run_1763328180_non_optimized,1763328180.5212622,False,73,15,0.3206193447113037,46.78445093045305,21.374622980753582,84.06982421875,,cuda
run_1763328180_optimized,1763328180.598697,True,73,27,0.07303571701049805,369.6821377973062,2.7050265559443725,84.07080078125,,cuda
run_1763328183_non_optimized,1763328184.3314278,False,46,36,0.3898129463195801,92.3519866127949,10.828137397766113,84.0693359375,,cuda
run_1763328183_optimized,1763328184.429176,True,46,35,0.09540414810180664,366.8603587618767,2.7258328029087613,83.5302734375,,cuda
run_1763328187_non_optimized,1763328188.1023467,False,70,3,0.32543349266052246,9.218473413642966,108.47783088684082,84.06982421875,,cuda
run_1763328187_optimized,1763328188.1267638,True,70,7,0.022072315216064453,317.13936356369766,3.1531878880092075,83.4140625,,cuda
run_1763328191_non_optimized,1763328191.8269985,False,66,25,0.3369431495666504,74.1964928865686,13.477725982666016,84.06982421875,,cuda
run_1763328191_optimized,1763328191.8957512,True,66,23,0.06402778625488281,359.21904137746134,2.783816793690557,83.7685546875,,cuda
run_1763328195_non_optimized,1763328195.6528826,False,50,0,0.38687896728515625,0,0,84.0693359375,,cuda
run_1763328195_optimized,1763328195.7567282,True,50,37,0.10147953033447266,364.60555028240094,2.7426900090398014,83.7080078125,,cuda
run_1763328199_non_optimized,1763328199.4423645,False,66,0,0.3354356288909912,0,0,84.06982421875,,cuda
run_1763328199_optimized,1763328199.4558053,True,66,3,0.011044025421142578,271.6400846250162,3.681341807047526,83.18359375,,cuda
run_1763328202_non_optimized,1763328203.2210126,False,43,26,0.40613532066345215,64.01807150761248,15.620589256286621,84.0693359375,,cuda
run_1763328202_optimized,1763328203.314865,True,43,33,0.09137701988220215,361.1411276329831,2.7690006024909746,83.38427734375,,cuda
run_1763328206_non_optimized,1763328207.059134,False,61,0,0.3586292266845703,0,0,84.0693359375,,cuda
run_1763328206_optimized,1763328207.0646808,True,61,0,0.003091096878051758,0,0,82.9287109375,,cuda
run_1763328210_non_optimized,1763328210.8018575,False,58,3,0.3591897487640381,8.35213145787962,119.72991625467937,84.0693359375,,cuda
run_1763328210_optimized,1763328210.857825,True,58,19,0.053505897521972656,355.1010426878175,2.8160998695775086,83.4130859375,,cuda
run_1763328214_non_optimized,1763328214.5682755,False,66,0,0.3383166790008545,0,0,84.06982421875,,cuda
run_1763328214_optimized,1763328214.5738587,True,66,0,0.003110647201538086,0,0,83.0693359375,,cuda
run_1763328217_non_optimized,1763328218.2879,False,67,4,0.3340427875518799,11.974513891813226,83.51069688796997,84.06982421875,,cuda
run_1763328217_optimized,1763328218.3589163,True,67,24,0.0684976577758789,350.37694396101637,2.8540690739949546,83.828125,,cuda
run_1763328221_non_optimized,1763328222.0590568,False,59,0,0.3572876453399658,0,0,84.0693359375,,cuda
run_1763328221_optimized,1763328222.0646763,True,59,0,0.0031256675720214844,0,0,82.87353515625,,cuda
run_1763328225_non_optimized,1763328225.7766004,False,63,0,0.3473188877105713,0,0,84.0693359375,,cuda
run_1763328225_optimized,1763328225.7822132,True,63,0,0.0031120777130126953,0,0,82.984375,,cuda
run_1763328229_non_optimized,1763328229.5409186,False,53,18,0.3730945587158203,48.245142094688894,20.72747548421224,84.0693359375,,cuda
run_1763328229_optimized,1763328229.5943456,True,53,18,0.05087685585021973,353.79544783568343,2.8264919916788735,83.240234375,,cuda
run_1763328232_non_optimized,1763328233.287513,False,67,0,0.3368711471557617,0,0,84.06982421875,,cuda
run_1763328232_optimized,1763328233.358895,True,67,24,0.06883907318115234,348.63920867794354,2.8682947158813477,83.828125,,cuda
run_1763328236_non_optimized,1763328237.07395,False,64,10,0.34280872344970703,29.170786260540087,34.2808723449707,84.0693359375,,cuda
run_1763328236_optimized,1763328237.1121686,True,64,12,0.035607337951660156,337.0091865977449,2.967278162638346,83.38427734375,,cuda
run_1763328240_non_optimized,1763328240.8759682,False,54,40,0.37175869941711426,107.59667510865668,9.293967485427856,84.0693359375,,cuda
run_1763328240_optimized,1763328240.8816338,True,54,0,0.0030775070190429688,0,0,82.73681640625,,cuda
run_1763328244_non_optimized,1763328244.644577,False,51,32,0.3875398635864258,82.5721506527383,12.110620737075806,84.0693359375,,cuda
run_1763328244_optimized,1763328244.7303627,True,51,30,0.0831613540649414,360.7444868751505,2.772045135498047,83.5302734375,,cuda
run_1763328248_non_optimized,1763328248.4432864,False,60,13,0.3590657711029053,36.2050661639767,27.620443930992714,84.0693359375,,cuda
run_1763328248_optimized,1763328248.5309665,True,60,30,0.08289480209350586,361.9044770281231,2.7631600697835283,83.79736328125,,cuda
run_1763328251_non_optimized,1763328252.2412915,False,56,0,0.3664982318878174,0,0,84.0693359375,,cuda
run_1763328251_optimized,1763328252.246967,True,56,0,0.0030715465545654297,0,0,82.791015625,,cuda
run_1763328255_non_optimized,1763328255.9404693,False,65,8,0.3392612934112549,23.580644639889247,42.40766167640686,84.06982421875,,cuda
run_1763328255_optimized,1763328255.9791915,True,65,12,0.036064863204956055,332.73382826393066,3.0054052670796714,83.4140625,,cuda
run_1763328259_non_optimized,1763328259.683114,False,59,8,0.36543822288513184,21.891525021219906,45.67977786064148,84.0693359375,,cuda
run_1763328259_optimized,1763328259.728382,True,59,14,0.04237031936645508,330.41997816716747,3.02645138331822,83.29736328125,,cuda
run_1763328263_non_optimized,1763328263.4533045,False,54,34,0.37717175483703613,90.14460803060481,11.09328690697165,84.0693359375,,cuda
run_1763328263_optimized,1763328263.459047,True,54,0,0.0030853748321533203,0,0,82.73681640625,,cuda
run_1763328266_non_optimized,1763328267.1686065,False,54,11,0.37029480934143066,29.706060475337207,33.6631644855846,84.0693359375,,cuda
run_1763328266_optimized,1763328267.2656913,True,54,33,0.09436678886413574,349.6992999042453,2.8595996625495683,83.7080078125,,cuda
run_1763328270_non_optimized,1763328270.970244,False,59,7,0.3639066219329834,19.235703826486322,51.98666027614048,84.0693359375,,cuda
run_1763328270_optimized,1763328270.976036,True,59,0,0.0030896663665771484,0,0,82.87353515625,,cuda
run_1763328274_non_optimized,1763328274.6672146,False,65,0,0.3401796817779541,0,0,84.06982421875,,cuda
run_1763328274_optimized,1763328274.673098,True,65,0,0.003112316131591797,0,0,83.04150390625,,cuda
run_1763328278_non_optimized,1763328278.3698728,False,60,30,0.35071659088134766,85.5391526377759,11.690553029378254,84.0693359375,,cuda
run_1763328278_optimized,1763328278.4178205,True,60,15,0.04522132873535156,331.7018853599899,3.0147552490234375,83.35498046875,,cuda
run_1763328281_non_optimized,1763328282.1500068,False,56,12,0.3714306354522705,32.30751277526762,30.952552954355877,84.0693359375,,cuda
run_1763328281_optimized,1763328282.2164667,True,56,22,0.061430931091308594,358.1257781572615,2.792315049604936,83.4423828125,,cuda
run_1763328285_non_optimized,1763328285.9228153,False,59,0,0.35640788078308105,0,0,84.0693359375,,cuda
run_1763328285_optimized,1763328285.9286857,True,59,0,0.003099203109741211,0,0,82.87353515625,,cuda
run_1763328289_non_optimized,1763328289.66304,False,49,39,0.38460493087768555,101.40275609831696,9.86166489429963,84.0693359375,,cuda
run_1763328289_optimized,1763328289.7524455,True,49,31,0.08660292625427246,357.95557195124974,2.7936427823958856,83.50048828125,,cuda
run_1763328293_non_optimized,1763328293.461601,False,57,17,0.3626689910888672,46.87469956821971,21.33347006405101,84.0693359375,,cuda
run_1763328293_optimized,1763328293.507706,True,57,15,0.043273210525512695,346.63478438135326,2.8848807017008467,83.26806640625,,cuda
run_1763328296_non_optimized,1763328297.203139,False,68,0,0.33896493911743164,0,0,84.06982421875,,cuda
run_1763328296_optimized,1763328297.2200859,True,68,4,0.014091014862060547,283.86883692599235,3.5227537155151367,83.26904296875,,cuda
run_1763328300_non_optimized,1763328300.9405568,False,57,18,0.361710786819458,49.76351454230864,20.095043712192112,84.0693359375,,cuda
run_1763328300_optimized,1763328300.9465425,True,57,0,0.0031290054321289062,0,0,82.81884765625,,cuda
run_1763328304_non_optimized,1763328304.6751106,False,57,26,0.36957812309265137,70.35048444542788,14.214543195871206,84.0693359375,,cuda
run_1763328304_optimized,1763328304.73792,True,57,21,0.059926509857177734,350.4292182216033,2.8536433265322727,83.4423828125,,cuda
run_1763328308_non_optimized,1763328308.454106,False,62,0,0.3475470542907715,0,0,84.0693359375,,cuda
run_1763328308_optimized,1763328308.494272,True,62,12,0.03523826599121094,340.5388903924222,2.9365221659342446,83.326171875,,cuda
run_1763328311_non_optimized,1763328312.2665422,False,48,23,0.3990597724914551,57.63547615036164,17.350424890932832,84.0693359375,,cuda
run_1763328311_optimized,1763328312.3281333,True,48,21,0.05866241455078125,357.9804916113929,2.7934483119419644,83.1826171875,,cuda
run_1763328315_non_optimized,1763328316.0431576,False,65,35,0.34833741188049316,100.47729243624202,9.952497482299805,84.06982421875,,cuda
run_1763328315_optimized,1763328316.0491786,True,65,0,0.0031168460845947266,0,0,83.04150390625,,cuda
run_1763328319_non_optimized,1763328319.7818987,False,54,0,0.3795814514160156,0,0,84.0693359375,,cuda
run_1763328319_optimized,1763328319.8439722,True,54,21,0.059159040451049805,354.97533157888375,2.817097164335705,83.35498046875,,cuda
run_1763328323_non_optimized,1763328323.5640802,False,60,6,0.34952616691589355,17.16609675590835,58.254361152648926,84.0693359375,,cuda
run_1763328323_optimized,1763328323.6400027,True,60,26,0.07297134399414062,356.3042500914841,2.8065901536207933,83.677734375,,cuda
run_1763328326_non_optimized,1763328327.3651006,False,56,20,0.3710308074951172,53.90387966708992,18.55154037475586,84.0693359375,,cuda
run_1763328326_optimized,1763328327.4108949,True,56,15,0.04281282424926758,350.36230996268864,2.8541882832845054,83.240234375,,cuda
run_1763328330_non_optimized,1763328331.1276593,False,55,0,0.3657987117767334,0,0,84.0693359375,,cuda
run_1763328330_optimized,1763328331.2517033,True,55,45,0.12110424041748047,371.58071298636867,2.6912053426106772,84.06982421875,,cuda
run_1763328334_non_optimized,1763328334.8939357,False,86,14,0.28943705558776855,48.369756842536205,20.674075399126327,84.06982421875,,cuda
run_1763328334_optimized,1763328334.9002066,True,86,0,0.003253459930419922,0,0,83.64208984375,,cuda
run_1763328338_non_optimized,1763328338.600254,False,87,13,0.28672194480895996,45.340094245879136,22.055534216073845,84.06982421875,,cuda
run_1763328338_optimized,1763328338.6394484,True,87,13,0.03615999221801758,359.51335170704044,2.781537862924429,84.07080078125,,cuda
run_1763328341_non_optimized,1763328342.2768755,False,92,8,0.27281713485717773,29.323671345599582,34.10214185714722,84.06982421875,,cuda
run_1763328341_optimized,1763328342.3042974,True,92,8,0.021982908248901367,363.91909156968865,2.747863531112671,84.07080078125,,cuda
run_1763328345_non_optimized,1763328345.9446712,False,91,6,0.27774763107299805,21.60234446220379,46.29127184549967,84.06982421875,,cuda
run_1763328345_optimized,1763328345.961895,True,91,4,0.014170408248901367,282.27838815512746,3.542602062225342,83.94921875,,cuda
run_1763328349_non_optimized,1763328349.593344,False,96,0,0.25559139251708984,0,0,84.06982421875,,cuda
run_1763328349_optimized,1763328349.5997064,True,96,0,0.0032455921173095703,0,0,83.9384765625,,cuda
run_1763328352_non_optimized,1763328352.9822614,False,100,0,0.00023055076599121094,0,0,73.24609375,,cuda
run_1763328352_optimized,1763328352.9855807,True,100,0,0.0003197193145751953,0,0,73.2470703125,,cuda
run_1763328356_non_optimized,1763328356.5787084,False,98,2,0.24971413612365723,8.00915811594106,124.85706806182861,84.06982421875,,cuda
run_1763328356_optimized,1763328356.5879197,True,98,2,0.006028890609741211,331.73599082532525,3.0144453048706055,84.07080078125,,cuda
run_1763328359_non_optimized,1763328360.2265294,False,95,5,0.26633787155151367,18.77314694629497,53.267574310302734,84.06982421875,,cuda
run_1763328359_optimized,1763328360.2355754,True,95,1,0.005945444107055664,168.19601395516702,5.945444107055664,83.97900390625,,cuda
run_1763328363_non_optimized,1763328363.877551,False,99,1,0.2541792392730713,3.934231618836794,254.1792392730713,84.0283203125,,cuda
run_1763328363_optimized,1763328363.8867087,True,99,0,0.0036110877990722656,0,0,84.029296875,,cuda
run_1763328367_non_optimized,1763328367.2638996,False,107,0,0.00025200843811035156,0,0,73.24609375,,cuda
run_1763328367_optimized,1763328367.2672691,True,107,0,0.0003268718719482422,0,0,73.2470703125,,cuda
run_1763328370_non_optimized,1763328370.609966,False,111,0,0.00025463104248046875,0,0,73.24609375,,cuda
run_1763328370_optimized,1763328370.613386,True,111,0,0.00032639503479003906,0,0,73.2470703125,,cuda
run_1763328373_non_optimized,1763328373.9479587,False,104,0,0.00026726722717285156,0,0,73.24609375,,cuda
run_1763328373_optimized,1763328373.9513137,True,104,0,0.00033593177795410156,0,0,73.2470703125,,cuda
run_1763328377_non_optimized,1763328377.5480406,False,97,3,0.2508835792541504,11.95773756464522,83.62785975138347,84.06982421875,,cuda
run_1763328377_optimized,1763328377.5599065,True,97,3,0.008674144744873047,345.85542301137923,2.891381581624349,84.07080078125,,cuda
run_1763328380_non_optimized,1763328380.9351366,False,102,0,0.0002307891845703125,0,0,73.24609375,,cuda
run_1763328380_optimized,1763328380.9385371,True,102,0,0.0003266334533691406,0,0,73.2470703125,,cuda
run_1763328384_non_optimized,1763328384.280055,False,102,0,0.0002384185791015625,0,0,73.24609375,,cuda
run_1763328384_optimized,1763328384.2835102,True,102,0,0.00032138824462890625,0,0,73.2470703125,,cuda
run_1763328387_non_optimized,1763328387.6202579,False,105,0,0.00023627281188964844,0,0,73.24609375,,cuda
run_1763328387_optimized,1763328387.6237223,True,105,0,0.00032711029052734375,0,0,73.2470703125,,cuda
run_1763328390_non_optimized,1763328391.2143693,False,94,0,0.26361989974975586,0,0,84.06982421875,,cuda
run_1763328390_optimized,1763328391.2352936,True,94,6,0.017615556716918945,340.6080259863301,2.9359261194864907,84.07080078125,,cuda
run_1763328394_non_optimized,1763328394.615491,False,102,0,0.00023412704467773438,0,0,73.24609375,,cuda
run_1763328394_optimized,1763328394.6189466,True,102,0,0.0003268718719482422,0,0,73.2470703125,,cuda
run_1763328397_non_optimized,1763328397.9617507,False,103,0,0.00023031234741210938,0,0,73.24609375,,cuda
run_1763328397_optimized,1763328397.965208,True,103,0,0.0003170967102050781,0,0,73.2470703125,,cuda
run_1763328401_non_optimized,1763328401.3134701,False,107,0,0.0002567768096923828,0,0,73.24609375,,cuda
run_1763328401_optimized,1763328401.3170755,True,107,0,0.00034499168395996094,0,0,73.2470703125,,cuda
run_1763328404_non_optimized,1763328404.659879,False,110,0,0.0002472400665283203,0,0,73.24609375,,cuda
run_1763328404_optimized,1763328404.6633892,True,110,0,0.0003345012664794922,0,0,73.2470703125,,cuda
run_1763328407_non_optimized,1763328407.9927475,False,106,0,0.00025534629821777344,0,0,73.24609375,,cuda
run_1763328407_optimized,1763328407.9964025,True,106,0,0.0003371238708496094,0,0,73.2470703125,,cuda
run_1763328411_non_optimized,1763328411.3210385,False,109,0,0.00023627281188964844,0,0,73.24609375,,cuda
run_1763328411_optimized,1763328411.3245878,True,109,0,0.0003235340118408203,0,0,73.2470703125,,cuda
run_1763328414_non_optimized,1763328414.661873,False,110,0,0.00024056434631347656,0,0,73.24609375,,cuda
run_1763328414_optimized,1763328414.6654513,True,110,0,0.00032258033752441406,0,0,73.2470703125,,cuda
run_1763328417_non_optimized,1763328417.996759,False,114,0,0.00023698806762695312,0,0,73.24609375,,cuda
run_1763328417_optimized,1763328418.000359,True,114,0,0.00033736228942871094,0,0,73.2470703125,,cuda
run_1763328421_non_optimized,1763328421.3330092,False,113,0,0.0002493858337402344,0,0,73.24609375,,cuda
run_1763328421_optimized,1763328421.3366413,True,113,0,0.0003311634063720703,0,0,73.2470703125,,cuda
run_1763328424_non_optimized,1763328424.6846545,False,113,0,0.0002396106719970703,0,0,73.24609375,,cuda
run_1763328424_optimized,1763328424.6882706,True,113,0,0.0003235340118408203,0,0,73.2470703125,,cuda
run_1763328428_non_optimized,1763328428.0342734,False,112,0,0.00023412704467773438,0,0,73.24609375,,cuda
run_1763328428_optimized,1763328428.0378458,True,112,0,0.0003237724304199219,0,0,73.2470703125,,cuda
run_1763328431_non_optimized,1763328431.3756785,False,109,0,0.00023365020751953125,0,0,73.24609375,,cuda
run_1763328431_optimized,1763328431.3793805,True,109,0,0.0003218650817871094,0,0,73.2470703125,,cuda
run_1763328434_non_optimized,1763328434.742513,False,102,0,0.00023174285888671875,0,0,73.24609375,,cuda
run_1763328434_optimized,1763328434.7461731,True,102,0,0.00031876564025878906,0,0,73.2470703125,,cuda
run_1763328438_non_optimized,1763328438.0807612,False,105,0,0.0002357959747314453,0,0,73.24609375,,cuda
run_1763328438_optimized,1763328438.0844612,True,105,0,0.0003268718719482422,0,0,73.2470703125,,cuda
run_1763328441_non_optimized,1763328441.415201,False,109,0,0.00023245811462402344,0,0,73.24609375,,cuda
run_1763328441_optimized,1763328441.4189343,True,109,0,0.00034737586975097656,0,0,73.2470703125,,cuda
run_1763328444_non_optimized,1763328444.7733834,False,103,0,0.00023651123046875,0,0,73.24609375,,cuda
run_1763328444_optimized,1763328444.7771332,True,103,0,0.0003209114074707031,0,0,73.2470703125,,cuda
run_1763328448_non_optimized,1763328448.1191192,False,102,0,0.00023126602172851562,0,0,73.24609375,,cuda
run_1763328448_optimized,1763328448.1228065,True,102,0,0.0003218650817871094,0,0,73.2470703125,,cuda
run_1763328451_non_optimized,1763328451.461982,False,107,0,0.00024175643920898438,0,0,73.24609375,,cuda
run_1763328451_optimized,1763328451.4657404,True,107,0,0.00033092498779296875,0,0,73.2470703125,,cuda
run_1763328454_non_optimized,1763328454.8150704,False,112,0,0.00024199485778808594,0,0,73.24609375,,cuda
run_1763328454_optimized,1763328454.818905,True,112,0,0.0003361701965332031,0,0,73.2470703125,,cuda
run_1763328458_non_optimized,1763328458.150419,False,105,0,0.0002446174621582031,0,0,73.24609375,,cuda
run_1763328458_optimized,1763328458.154374,True,105,0,0.0003304481506347656,0,0,73.2470703125,,cuda
run_1763328461_non_optimized,1763328461.7283993,False,97,3,0.2511739730834961,11.943912672045563,83.7246576944987,84.06982421875,,cuda
run_1763328461_optimized,1763328461.7408895,True,97,3,0.008848905563354492,339.0249764246262,2.9496351877848306,84.07080078125,,cuda
run_1763328465_non_optimized,1763328465.1261904,False,102,0,0.0002315044403076172,0,0,73.24609375,,cuda
run_1763328465_optimized,1763328465.1299899,True,102,0,0.00033164024353027344,0,0,73.2470703125,,cuda
run_1763328468_non_optimized,1763328468.4668736,False,102,0,0.0002491474151611328,0,0,73.24609375,,cuda
run_1763328468_optimized,1763328468.4707043,True,102,0,0.00032591819763183594,0,0,73.2470703125,,cuda
run_1763328471_non_optimized,1763328471.8006985,False,109,0,0.00022912025451660156,0,0,73.24609375,,cuda
run_1763328471_optimized,1763328471.8047862,True,109,0,0.0003237724304199219,0,0,73.2470703125,,cuda
run_1763328475_non_optimized,1763328475.1509132,False,112,0,0.0002551078796386719,0,0,73.24609375,,cuda
run_1763328475_optimized,1763328475.1548111,True,112,0,0.0003528594970703125,0,0,73.2470703125,,cuda
run_1763328478_non_optimized,1763328478.5046594,False,107,0,0.00023484230041503906,0,0,73.24609375,,cuda
run_1763328478_optimized,1763328478.5085387,True,107,0,0.0003216266632080078,0,0,73.2470703125,,cuda
run_1763328481_non_optimized,1763328481.850465,False,106,0,0.000232696533203125,0,0,73.24609375,,cuda
run_1763328481_optimized,1763328481.854363,True,106,0,0.0003254413604736328,0,0,73.2470703125,,cuda
run_1763328485_non_optimized,1763328485.2010415,False,105,0,0.0002512931823730469,0,0,73.24609375,,cuda
run_1763328485_optimized,1763328485.2049637,True,105,0,0.0003311634063720703,0,0,73.2470703125,,cuda
run_1763328488_non_optimized,1763328488.538209,False,102,0,0.00025153160095214844,0,0,73.24609375,,cuda
run_1763328488_optimized,1763328488.5422387,True,102,0,0.0003306865692138672,0,0,73.2470703125,,cuda
run_1763328491_non_optimized,1763328491.8936143,False,106,0,0.0002357959747314453,0,0,73.24609375,,cuda
run_1763328491_optimized,1763328491.8975422,True,106,0,0.0003228187561035156,0,0,73.2470703125,,cuda
run_1763328495_non_optimized,1763328495.2653213,False,105,0,0.00024080276489257812,0,0,73.24609375,,cuda
run_1763328495_optimized,1763328495.2692711,True,105,0,0.0003209114074707031,0,0,73.2470703125,,cuda
run_1763328498_non_optimized,1763328498.633191,False,105,0,0.0002338886260986328,0,0,73.24609375,,cuda
run_1763328498_optimized,1763328498.6372032,True,105,0,0.0003268718719482422,0,0,73.2470703125,,cuda
run_1763328501_non_optimized,1763328501.9915178,False,110,0,0.00023627281188964844,0,0,73.24609375,,cuda
run_1763328501_optimized,1763328501.9954562,True,110,0,0.0003197193145751953,0,0,73.2470703125,,cuda
